<?xml version="1.0" encoding="utf-8"?>
<install version="1.5" type="YOOtheme">
	<name>Template Overrides</name>
	<version>1.5.8</version>
	<creationDate>November 2009</creationDate>
	<author>YOOtheme</author>
	<authorEmail>info@yootheme.com</authorEmail>
	<authorUrl>http://www.yootheme.com</authorUrl>
    <copyright>Copyright (C) 2007 - 2009 YOOtheme GmbH</copyright>
    <license>http://www.gnu.org/licenses/gpl-2.0.html GNU/GPLv2 only</license>
	<files>
		<filename>readme.txt</filename>
		<filename>changelog.php</filename>
		<filename>css/joomla.css</filename>
		<filename>css/joomla-ie6.css</filename>
		<folder>html/com_contact</folder>
		<folder>html/com_content</folder>
		<folder>html/com_newsfeeds</folder>
		<folder>html/com_poll</folder>
		<folder>html/com_search</folder>
		<folder>html/com_user</folder>
		<folder>html/com_weblinks</folder>
		<folder>html/mod_breadcrumbs</folder>
		<folder>html/mod_newsflash</folder>
	</files>
</install>
